{
    "total_runtime": 550.1644248962402,
    "num_documents": 3,
    "input_load_time": 0,
    "workflows": {
        "create_base_text_units": {
            "overall": 0.18778347969055176
        },
        "create_final_documents": {
            "overall": 0.18692946434020996
        },
        "extract_graph": {
            "overall": 332.42231607437134
        },
        "finalize_graph": {
            "overall": 0.1480388641357422
        },
        "extract_covariates": {
            "overall": 135.65758299827576
        },
        "create_communities": {
            "overall": 0.49355173110961914
        },
        "create_final_text_units": {
            "overall": 0.5823750495910645
        },
        "create_community_reports": {
            "overall": 70.51075029373169
        },
        "generate_text_embeddings": {
            "overall": 9.60681962966919
        }
    }
}